split,operating_point,accuracy,balanced_accuracy,precision,recall,f1,roc_auc,pr_auc,brier,threshold,tn,fp,fn,tp,n,prevalence,selection_rate
train,balanced,0.8245394054903534,0.6173575804073856,0.2833907158969488,0.3486707566462168,0.31265963717335776,0.7134708409374593,0.2790568476646368,0.09394156572682538,0.1587477367673096,46932.0,6036.0,4459.0,2387.0,59814.0,0.11445480991072324,0.1408198749456649
train,high_recall,0.5785602032968871,0.6475091752518777,0.17731618163925209,0.7369266725094946,0.28585188962547453,0.7134708409374593,0.2790568476646368,0.09394156572682538,0.0959916707070362,29561.0,23407.0,1801.0,5045.0,59814.0,0.11445480991072324,0.47567459123282174
calibration,balanced,0.8169973942673883,0.5884678044434035,0.24870081662954716,0.2915578764142733,0.26842948717948717,0.6695510808248117,0.23009953876523892,0.09734868911418586,0.1587477367673096,7817.0,1012.0,814.0,335.0,9978.0,0.11515333734215273,0.134996993385448
calibration,high_recall,0.5701543395470035,0.6155372441931954,0.1652452025586354,0.6744995648389904,0.2654564137694811,0.6695510808248117,0.23009953876523892,0.09734868911418586,0.0959916707070362,4914.0,3915.0,374.0,775.0,9978.0,0.11515333734215273,0.47003407496492283
validation,balanced,0.8204944096830444,0.5915099903130465,0.25096227867590454,0.2955575702629193,0.2714404662781016,0.6787531282316497,0.2270458429458556,0.09563480393556202,0.1587477367673096,7673.0,973.0,777.0,326.0,9749.0,0.11313980921120115,0.13324443532670016
validation,high_recall,0.572879269668684,0.6294779090693079,0.1680763391888961,0.7026291931097008,0.2712635631781589,0.6787531282316497,0.2270458429458556,0.09563480393556202,0.0959916707070362,4810.0,3836.0,328.0,775.0,9749.0,0.11313980921120115,0.4729715868294184
test,balanced,0.8224926775073225,0.5945996538516649,0.25332320546904674,0.3009927797833935,0.27510826974633945,0.673387326889908,0.22999865334713496,0.09464378481739823,0.1587477367673096,15620.0,1966.0,1549.0,667.0,19802.0,0.11190788809211191,0.13296636703363296
test,high_recall,0.5692859307140693,0.6212407278763341,0.1628751468546406,0.6881768953068592,0.2634078936004836,0.673387326889908,0.22999865334713496,0.09464378481739823,0.0959916707070362,9748.0,7838.0,691.0,1525.0,19802.0,0.11190788809211191,0.47283102716897285
CV mean,balanced,0.8127942145501643,0.5901781501307501,0.24369213099419756,0.3014927985345587,0.26927980479042446,0.6698914280860078,0.22101284801538856,0.09714601431989807,0.15528635901209692,9310.4,1283.2,956.4,412.8,11962.8,0.11445043477450893,0.1417725495648464
CV mean,high_recall,0.5620336388125501,0.6186167719410325,0.16449493253916928,0.6919002492686275,0.2656173101512297,0.6698914280860078,0.22101284801538856,0.09714601431989807,0.09376036225432395,5777.4,4816.2,422.4,946.8,11962.8,0.11445043477450893,0.4818171618730657
