model,split,operating_point,threshold,n,accuracy,balanced_accuracy,precision,recall,f1,roc_auc,pr_auc,brier,tn,fp,fn,tp,training_seconds,encoded_history_features
GRU,cv,balanced,,17820,0.8179012345679012,0.522767275219353,0.35443037974683544,0.07317869977131657,0.12131058759815867,0.5997156669326336,0.2452310875247437,0.13941063263638218,14351,408,2837,224,,
GRU,cv,high_recall,,17820,0.4888327721661055,0.5647892429337132,0.20393577442725672,0.6804965697484482,0.3138229755178908,0.5997156669326336,0.2452310875247437,0.13941063263638218,6628,8131,978,2083,,
LSTM,cv,balanced,,17820,0.8212121212121212,0.5179042686903438,0.36616702355460384,0.0558640967004247,0.09693877551020408,0.604620619307055,0.2487954096321105,0.13898210828878307,14463,296,2890,171,,
LSTM,cv,high_recall,,17820,0.4909090909090909,0.5666900537812143,0.20496711495042702,0.6821300228683437,0.31521739130434784,0.604620619307055,0.2487954096321105,0.13898210828878307,6660,8099,973,2088,,
XGBoost history,cv,balanced,,17820,0.8183501683501684,0.5181185245271082,0.33941605839416056,0.06076445606011108,0.10307564422277639,0.6117794027482696,0.2490115892600478,0.13877077690929066,14397,362,2875,186,,
XGBoost history,cv,high_recall,,17820,0.5042087542087542,0.5729065055438574,0.20903043741181213,0.6775563541326364,0.31949472386967576,0.6117794027482696,0.2490115892600478,0.13877077690929066,6911,7848,987,2074,,
GRU,train,balanced,0.48005894448045605,17820,0.827665544332211,0.5092418318323988,0.46835443037974683,0.024175106174452794,0.04597701149425287,0.6217448612853106,0.2610477591406769,0.13818525655600275,14675,84,2987,74,5.545867409000493,130.0
GRU,train,high_recall,0.15127223971486525,17820,0.485016835016835,0.5760796700130302,0.2085398398780023,0.7147990852662529,0.3228805430531986,0.6217448612853106,0.2610477591406769,0.13818525655600275,6455,8304,873,2188,5.545867409000493,130.0
GRU,calibration,balanced,0.48005894448045605,2979,0.8264518294729775,0.5210944230993131,0.5909090909090909,0.049523809523809526,0.0913884007029877,0.6025940156013505,0.2925339561836582,0.13959477434035414,2436,18,499,26,5.545867409000493,130.0
GRU,calibration,high_recall,0.15127223971486525,2979,0.48036253776435045,0.5528373500989638,0.20278907611853572,0.6647619047619048,0.3107747105966162,0.6025940156013505,0.2925339561836582,0.13959477434035414,1082,1372,176,349,5.545867409000493,130.0
GRU,validation,balanced,0.48005894448045605,2750,0.82,0.508289399066052,0.4,0.024539877300613498,0.046242774566473986,0.604446880463519,0.2533268108724543,0.14344175836169015,2243,18,477,12,5.545867409000493,130.0
GRU,validation,high_recall,0.15127223971486525,2750,0.49927272727272726,0.5784910670758455,0.2179161372299873,0.7014314928425358,0.3325254483761512,0.604446880463519,0.2533268108724543,0.14344175836169015,1030,1231,146,343,5.545867409000493,130.0
GRU,test,balanced,0.48005894448045605,5804,0.8361474844934528,0.5209390736778404,0.5157894736842106,0.051362683438155136,0.09342230695900858,0.6080696578702802,0.2533499751926726,0.13366853153302322,4804,46,905,49,5.545867409000493,130.0
GRU,test,high_recall,0.15127223971486525,5804,0.4682977257064094,0.5681812876872203,0.19542857142857142,0.7169811320754716,0.307139649753031,0.6080696578702802,0.2533499751926726,0.13366853153302322,2034,2816,270,684,5.545867409000493,130.0
LSTM,train,balanced,0.3665717095804558,17820,0.8290684624017958,0.5240712819064283,0.5214899713467048,0.05945769356419471,0.10674486803519062,0.6818393569743955,0.3213499025333796,0.13399460821441883,14592,167,2879,182,12.49968345399975,130.0
LSTM,train,high_recall,0.15834079310750013,17820,0.525084175084175,0.618652710955562,0.2315643013317432,0.7611891538712839,0.3551017297873962,0.6818393569743955,0.3213499025333796,0.13399460821441883,7027,7732,731,2330,12.49968345399975,130.0
LSTM,calibration,balanced,0.3665717095804558,2979,0.8214165827458879,0.5105518686692281,0.41025641025641024,0.030476190476190476,0.05673758865248227,0.6014766949974775,0.26308131378362454,0.14142617867805696,2431,23,509,16,12.49968345399975,130.0
LSTM,calibration,high_recall,0.15834079310750013,2979,0.5182947297750923,0.5646315054139015,0.21166032953105196,0.6361904761904762,0.3176414645744175,0.6014766949974775,0.26308131378362454,0.14142617867805696,1210,1244,191,334,12.49968345399975,130.0
LSTM,validation,balanced,0.3665717095804558,2750,0.82,0.5098921066650748,0.4117647058823529,0.028629856850715747,0.05353728489483748,0.6345998522108229,0.26687631184181404,0.14149134113081144,2241,20,475,14,12.49968345399975,130.0
LSTM,validation,high_recall,0.15834079310750013,2750,0.5254545454545455,0.5944132254128646,0.22836218375499334,0.7014314928425358,0.34455047714716225,0.6345998522108229,0.26687631184181404,0.14149134113081144,1102,1159,146,343,12.49968345399975,130.0
LSTM,test,balanced,0.3665717095804558,5804,0.8333907649896622,0.5213946702976074,0.4462809917355372,0.05660377358490566,0.10046511627906977,0.6124275432795176,0.25216612942996197,0.13365644074077396,4783,67,900,54,12.49968345399975,130.0
LSTM,test,high_recall,0.15834079310750013,5804,0.4934527911784976,0.5727074282997255,0.19945520581113801,0.6907756813417191,0.3095349929544387,0.6124275432795176,0.25216612942996197,0.13365644074077396,2205,2645,295,659,12.49968345399975,130.0
XGBoost history,train,balanced,0.3285063524885417,17820,0.8282267115600449,0.537286691265009,0.5,0.09408689970597844,0.15837228485015123,0.7040018262269288,0.33864543951411796,0.13266722172982412,14471,288,2773,288,0.9600185060007789,130.0
XGBoost history,train,high_recall,0.15407446636557207,17820,0.5349607182940517,0.6380798130494698,0.2411333465425005,0.7951649787651094,0.3700494108703915,0.7040018262269288,0.33864543951411796,0.13266722172982412,7099,7660,627,2434,0.9600185060007789,130.0
XGBoost history,calibration,balanced,0.3285063524885417,2979,0.819402484055052,0.5243020142042147,0.4235294117647059,0.06857142857142857,0.1180327868852459,0.6107823960880195,0.27337908319060705,0.14108579006471633,2405,49,489,36,0.9600185060007789,130.0
XGBoost history,calibration,high_recall,0.15407446636557207,2979,0.5055387713997986,0.5681185236930958,0.2120291616038882,0.6647619047619048,0.3215108245048365,0.6107823960880195,0.27337908319060705,0.14108579006471633,1157,1297,176,349,0.9600185060007789,130.0
XGBoost history,validation,balanced,0.3285063524885417,2750,0.82,0.5251178288557916,0.4583333333333333,0.06748466257668712,0.11764705882352941,0.6308508550336506,0.2727456638267108,0.1413409376022929,2222,39,456,33,0.9600185060007789,130.0
XGBoost history,validation,high_recall,0.15407446636557207,2750,0.5123636363636364,0.586452146244355,0.22301690507152144,0.7014314928425358,0.3384311790823878,0.6308508550336506,0.2727456638267108,0.1413409376022929,1066,1195,146,343,0.9600185060007789,130.0
XGBoost history,test,balanced,0.3285063524885417,5804,0.8290833907649897,0.5276586915645465,0.39893617021276595,0.07861635220125786,0.13134851138353765,0.6311662236054377,0.25910716784303217,0.13309872015893168,4737,113,879,75,0.9600185060007789,130.0
XGBoost history,test,high_recall,0.15407446636557207,5804,0.5056857339765679,0.5951836002507078,0.2102874432677761,0.7285115303983228,0.3263676919464663,0.6311662236054377,0.25910716784303217,0.13309872015893168,2240,2610,259,695,0.9600185060007789,130.0
